{"User":[{"name":"ada","pass":"ada"},{"name":"aaaa","pass":"aaaa"},{"name":"angel","pass":"123"},{"name":"user","pass":"123"},{"name":"user1","pass":"1234"},{"name":"name","pass":"1111"},{"name":"name123","pass":"1111"},{"name":"nick","pass":"ffffu"},{"name":"angel gay","pass":"gay angel"},{"name":"gay is gay","pass":"is gay is"},{"name":"bulbul","pass":"putput"},{"name":"fuck","pass":"you"},{"name":"פטריק","pass":"141"},{"name":"פרצפילוחה","pass":"חתול"},{"name":"aa","pass":"aaa"}]}